Model,Accuracy,Macro F1,Weighted F1
SVM (Linear),0.40361990950226245,0.3914911740715434,0.4025763722534794
Naive Bayes (CountVec),0.3923076923076923,0.3485062988538511,0.3748598910086675
Logistic Regression,0.4004524886877828,0.33006984300958314,0.36514245360093883
k-NN,0.3755656108597285,0.32412107145429914,0.35300882136325923
XGBoost,0.34796380090497736,0.29082234735942636,0.31837340686696247
Random Forest,0.35339366515837106,0.2903050070580222,0.319540527244641
