Model,Accuracy,Macro F1,Weighted F1
SVM (Linear),0.40361990950226245,0.3914911740715434,0.4025763722534794
Naive Bayes (CountVec),0.3923076923076923,0.3485062988538511,0.3748598910086675
Logistic Regression,0.4004524886877828,0.33006984300958314,0.36514245360093883
k-NN,0.36606334841628957,0.3190447129227453,0.3455367692801363
Random Forest,0.36470588235294116,0.30442828338374284,0.333049638577306
XGBoost,0.3438914027149321,0.29156825969805844,0.31611688758319306
